{"latt":{"gte":-34.93382154262676,"lte":-34.9231781157736},"longt":{"gte":138.594209080205,"lte":138.60719097183704}}