{"latt":{"gte":-35.67859660773702,"lte":-35.0008569604502},"longt":{"gte":148.67988188994846,"lte":149.5107229544016}}